--
-- PostgreSQL database dump
--

-- Dumped from database version 17.5 (aa1f746)
-- Dumped by pg_dump version 17.5 (Homebrew)

SET statement_timeout = 0;
SET lock_timeout = 0;
SET idle_in_transaction_session_timeout = 0;
SET transaction_timeout = 0;
SET client_encoding = 'UTF8';
SET standard_conforming_strings = on;
SELECT pg_catalog.set_config('search_path', '', false);
SET check_function_bodies = false;
SET xmloption = content;
SET client_min_messages = warning;
SET row_security = off;

--
-- Data for Name: datasets; Type: TABLE DATA; Schema: public; Owner: -
--

INSERT INTO public.datasets VALUES (1, 'Malawi Rift Thermochronology', 'Central Basin - Usisya Border Fault', 'McMillan, M., Boone, S.C., Chindandali, P., Kohn, B., Gleadow, A., 2024. 4D fault evolution revealed by footwall exhumation modelling: A natural experiment in the Malawi rift. Journal of Structural Geology 187, 105196.', '10.1016/j.jsg.2024.105196', 'Malawi Rift Central Basin', 'M_McMillan', 'University of Melbourne', '2025-11-16 03:58:00.87913', '4D fault evolution revealed by footwall exhumation modelling: A natural experiment in the Malawi rift', '{"Malcolm McMillan","Samuel C. Boone","Patrick Chindandali","Barry Kohn","Andrew Gleadow"}', 'Journal of Structural Geology', 2024, 'Apatite fission-track (AFT) thermochronology and (U-Th)/He dating', 34, 17.70, 324.80, '2019-06-15', '{"LA-ICP-MS AFT",AHe}');


--
-- Data for Name: samples; Type: TABLE DATA; Schema: public; Owner: -
--

INSERT INTO public.samples VALUES ('MU19-54', 1, '10.5852/IEMTG02GW', NULL, NULL, NULL, 'WGS84', 'mean sea level', NULL, 'Orthogneiss', 'Apatite', 'Rock', 'Hand Sample', NULL, 'Outcrop location: Usisya Fault', NULL, 'Precambrian', 1250.00, NULL, NULL, 'M_McMillan', 'LA-ICP-MS_AFT', 'University of Melbourne', NULL, 36, 0, '2025-11-16 04:00:44.689706', '2025-11-16 06:08:27.605791');
INSERT INTO public.samples VALUES ('MU19-53', 1, '10.5852/IEMTG02GV', NULL, NULL, NULL, 'WGS84', 'mean sea level', NULL, 'Granite', 'Apatite', 'Rock', 'Hand Sample', NULL, 'Outcrop location: Usisya Fault', NULL, 'Precambrian', 1250.00, NULL, NULL, 'M_McMillan', 'LA-ICP-MS_AFT', 'University of Melbourne', NULL, 24, 0, '2025-11-16 04:00:44.689706', '2025-11-16 06:08:27.605791');
INSERT INTO public.samples VALUES ('MU19-52', 1, '10.5852/IEMTG02GU', NULL, NULL, NULL, 'WGS84', 'mean sea level', NULL, 'Sandstone', 'Apatite', 'Rock', 'Hand Sample', NULL, 'Outcrop location: Usisya Fault', NULL, 'Precambrian', 1250.00, NULL, NULL, 'M_McMillan', 'LA-ICP-MS_AFT', 'University of Melbourne', NULL, 21, 0, '2025-11-16 04:00:44.689706', '2025-11-16 06:08:27.605791');
INSERT INTO public.samples VALUES ('MU19-51', 1, '10.5852/IEMTG02GT', NULL, NULL, NULL, 'WGS84', 'mean sea level', NULL, 'Sedimentary breccia', 'Apatite', 'Rock', 'Hand Sample', NULL, 'Outcrop location: Usisya Fault', NULL, 'Precambrian', 1250.00, NULL, NULL, 'M_McMillan', 'LA-ICP-MS_AFT', 'University of Melbourne', NULL, 33, 0, '2025-11-16 04:00:44.689706', '2025-11-16 06:08:27.605791');
INSERT INTO public.samples VALUES ('MU19-50', 1, '10.5852/IEMTG02GS', NULL, NULL, NULL, 'WGS84', 'mean sea level', NULL, 'Metamorphic rock', 'Apatite', 'Rock', 'Hand Sample', NULL, 'Outcrop location: Usisya Fault', NULL, 'Precambrian', 1250.00, NULL, NULL, 'M_McMillan', 'LA-ICP-MS_AFT', 'University of Melbourne', NULL, 33, 0, '2025-11-16 04:00:44.689706', '2025-11-16 06:08:27.605791');
INSERT INTO public.samples VALUES ('MU19-49', 1, '10.5852/IEMTG02GR', NULL, NULL, NULL, 'WGS84', 'mean sea level', NULL, 'Pegmatite', 'Apatite', 'Rock', 'Hand Sample', NULL, 'Outcrop location: Usisya Fault', NULL, 'Precambrian', 1250.00, NULL, NULL, 'M_McMillan', 'LA-ICP-MS_AFT', 'University of Melbourne', NULL, 24, 0, '2025-11-16 04:00:44.689706', '2025-11-16 06:08:27.605791');
INSERT INTO public.samples VALUES ('MU19-48', 1, '10.5852/IEMTG02GQ', NULL, NULL, NULL, 'WGS84', 'mean sea level', NULL, 'Orthogneiss', 'Apatite', 'Rock', 'Hand Sample', NULL, 'Outcrop location: Usisya Fault', NULL, 'Precambrian', 1250.00, NULL, NULL, 'M_McMillan', 'LA-ICP-MS_AFT', 'University of Melbourne', NULL, 13, 0, '2025-11-16 04:00:44.689706', '2025-11-16 06:08:27.605791');
INSERT INTO public.samples VALUES ('MU19-47', 1, '10.5852/IEMTG02GP', NULL, NULL, NULL, 'WGS84', 'mean sea level', NULL, 'Orthogneiss', 'Apatite', 'Rock', 'Hand Sample', NULL, 'Outcrop location: Usisya Fault', NULL, 'Precambrian', 1250.00, NULL, NULL, 'M_McMillan', 'LA-ICP-MS_AFT', 'University of Melbourne', NULL, 33, 0, '2025-11-16 04:00:44.689706', '2025-11-16 06:08:27.605791');
INSERT INTO public.samples VALUES ('MU19-39', 1, '10.5852/IEMTG02GL', NULL, NULL, NULL, 'WGS84', 'mean sea level', NULL, 'Gneiss', 'Apatite', 'Rock', 'Hand Sample', NULL, 'Outcrop location: Usisya Fault', NULL, 'Precambrian', 1250.00, NULL, NULL, 'M_McMillan', 'LA-ICP-MS_AFT', 'University of Melbourne', NULL, 32, 0, '2025-11-16 04:00:44.689706', '2025-11-16 06:08:27.605791');
INSERT INTO public.samples VALUES ('MU19-37', 1, '10.5852/IEMTG02GJ', NULL, NULL, NULL, 'WGS84', 'mean sea level', NULL, 'Gneiss', 'Apatite', 'Rock', 'Hand Sample', NULL, 'Outcrop location: Usisya Fault', NULL, 'Precambrian', 1250.00, NULL, NULL, 'M_McMillan', 'LA-ICP-MS_AFT', 'University of Melbourne', NULL, 31, 0, '2025-11-16 04:00:44.689706', '2025-11-16 06:08:27.605791');
INSERT INTO public.samples VALUES ('MU19-36', 1, '10.5852/IEMTG02GI', NULL, NULL, NULL, 'WGS84', 'mean sea level', NULL, 'Gneiss', 'Apatite', 'Rock', 'Hand Sample', NULL, 'Outcrop location: Usisya Fault', NULL, 'Precambrian', 1250.00, NULL, NULL, 'M_McMillan', 'LA-ICP-MS_AFT', 'University of Melbourne', NULL, 32, 0, '2025-11-16 04:00:44.689706', '2025-11-16 06:08:27.605791');
INSERT INTO public.samples VALUES ('MU19-34', 1, '10.5852/IEMTG02GG', NULL, NULL, NULL, 'WGS84', 'mean sea level', NULL, 'Gneiss', 'Apatite', 'Rock', 'Hand Sample', NULL, 'Outcrop location: Usisya Fault', NULL, 'Precambrian', 1250.00, NULL, NULL, 'M_McMillan', 'LA-ICP-MS_AFT', 'University of Melbourne', NULL, 26, 0, '2025-11-16 04:00:44.689706', '2025-11-16 06:08:27.605791');
INSERT INTO public.samples VALUES ('MU19-33', 1, '10.5852/IEMTG02GF', NULL, NULL, NULL, 'WGS84', 'mean sea level', NULL, 'Gneiss', 'Apatite', 'Rock', 'Hand Sample', NULL, 'Outcrop location: Usisya Fault', NULL, 'Precambrian', 1250.00, NULL, NULL, 'M_McMillan', 'LA-ICP-MS_AFT', 'University of Melbourne', NULL, 32, 0, '2025-11-16 04:00:44.689706', '2025-11-16 06:08:27.605791');
INSERT INTO public.samples VALUES ('MU19-30', 1, '10.5852/IEMTG02GC', NULL, NULL, NULL, 'WGS84', 'mean sea level', NULL, 'Metasandstone', 'Apatite', 'Rock', 'Hand Sample', NULL, 'Outcrop location: Usisya Fault', NULL, 'Precambrian', 1250.00, NULL, NULL, 'M_McMillan', 'LA-ICP-MS_AFT', 'University of Melbourne', NULL, 30, 0, '2025-11-16 04:00:44.689706', '2025-11-16 06:08:27.605791');
INSERT INTO public.samples VALUES ('MU19-29', 1, '10.5852/IEMTG02GB', NULL, NULL, NULL, 'WGS84', 'mean sea level', NULL, 'Metasandstone', 'Apatite', 'Rock', 'Hand Sample', NULL, 'Outcrop location: Usisya Fault', NULL, 'Precambrian', 1250.00, NULL, NULL, 'M_McMillan', 'LA-ICP-MS_AFT', 'University of Melbourne', NULL, 20, 0, '2025-11-16 04:00:44.689706', '2025-11-16 06:08:27.605791');
INSERT INTO public.samples VALUES ('MU19-28', 1, '10.5852/IEMTG02GA', NULL, NULL, NULL, 'WGS84', 'mean sea level', NULL, 'Gneiss', 'Apatite', 'Rock', 'Hand Sample', NULL, 'Outcrop location: Usisya Fault', NULL, 'Precambrian', 1250.00, NULL, NULL, 'M_McMillan', 'LA-ICP-MS_AFT', 'University of Melbourne', NULL, 24, 0, '2025-11-16 04:00:44.689706', '2025-11-16 06:08:27.605791');
INSERT INTO public.samples VALUES ('MU19-26', 1, '10.5852/IEMTG02G8', NULL, NULL, NULL, 'WGS84', 'mean sea level', NULL, 'Diorite', 'Apatite', 'Rock', 'Hand Sample', NULL, 'Outcrop location: Usisya Fault', NULL, 'Precambrian', 1250.00, NULL, NULL, 'M_McMillan', 'LA-ICP-MS_AFT', 'University of Melbourne', NULL, 32, 0, '2025-11-16 04:00:44.689706', '2025-11-16 06:08:27.605791');
INSERT INTO public.samples VALUES ('MU19-25', 1, '10.5852/IEMTG02G7', NULL, NULL, NULL, 'WGS84', 'mean sea level', NULL, 'Gneiss', 'Apatite', 'Rock', 'Hand Sample', NULL, 'Outcrop location: Usisya Fault', NULL, 'Precambrian', 1250.00, NULL, NULL, 'M_McMillan', 'LA-ICP-MS_AFT+AHe', 'University of Melbourne', NULL, 33, 6, '2025-11-16 04:00:44.689706', '2025-11-16 06:08:27.605791');
INSERT INTO public.samples VALUES ('MU19-24', 1, '10.5852/IEMTG02G6', NULL, NULL, NULL, 'WGS84', 'mean sea level', NULL, 'Gneiss', 'Apatite', 'Rock', 'Hand Sample', NULL, 'Outcrop location: Usisya Fault', NULL, 'Precambrian', 1250.00, NULL, NULL, 'M_McMillan', 'LA-ICP-MS_AFT+AHe', 'University of Melbourne', NULL, 33, 5, '2025-11-16 04:00:44.689706', '2025-11-16 06:08:27.605791');
INSERT INTO public.samples VALUES ('MU19-23', 1, '10.5852/IEMTG02G5', NULL, NULL, NULL, 'WGS84', 'mean sea level', NULL, 'Metasandstone', 'Apatite', 'Rock', 'Hand Sample', NULL, 'Outcrop location: Usisya Fault', NULL, 'Precambrian', 1250.00, NULL, NULL, 'M_McMillan', 'LA-ICP-MS_AFT', 'University of Melbourne', NULL, 33, 0, '2025-11-16 04:00:44.689706', '2025-11-16 06:08:27.605791');
INSERT INTO public.samples VALUES ('MU19-22', 1, '10.5852/IEMTG02G4', NULL, NULL, NULL, 'WGS84', 'mean sea level', NULL, 'Schist', 'Apatite', 'Rock', 'Hand Sample', NULL, 'Outcrop location: Usisya Fault', NULL, 'Precambrian', 1250.00, NULL, NULL, 'M_McMillan', 'LA-ICP-MS_AFT', 'University of Melbourne', NULL, 15, 0, '2025-11-16 04:00:44.689706', '2025-11-16 06:08:27.605791');
INSERT INTO public.samples VALUES ('MU19-20', 1, '10.5852/IEMTG02G2', NULL, NULL, NULL, 'WGS84', 'mean sea level', NULL, 'Orthogneiss', 'Apatite', 'Rock', 'Hand Sample', NULL, 'Outcrop location: Usisya Fault', NULL, 'Precambrian', 1250.00, NULL, NULL, 'M_McMillan', 'LA-ICP-MS_AFT+AHe', 'University of Melbourne', NULL, 33, 6, '2025-11-16 04:00:44.689706', '2025-11-16 06:08:27.605791');
INSERT INTO public.samples VALUES ('MU19-18', 1, '10.5852/IEMTG02G0', NULL, NULL, NULL, 'WGS84', 'mean sea level', NULL, 'Gneiss', 'Apatite', 'Rock', 'Hand Sample', NULL, 'Outcrop location: Usisya Fault', NULL, 'Precambrian', 1250.00, NULL, NULL, 'M_McMillan', 'LA-ICP-MS_AFT+AHe', 'University of Melbourne', NULL, 28, 6, '2025-11-16 04:00:44.689706', '2025-11-16 06:08:27.605791');
INSERT INTO public.samples VALUES ('MU19-17', 1, '10.5852/IEMTG02FZ', NULL, NULL, NULL, 'WGS84', 'mean sea level', NULL, 'Gneiss', 'Apatite', 'Rock', 'Hand Sample', NULL, 'Outcrop location: Usisya Fault', NULL, 'Precambrian', 1250.00, NULL, NULL, 'M_McMillan', 'LA-ICP-MS_AFT+AHe', 'University of Melbourne', NULL, 33, 6, '2025-11-16 04:00:44.689706', '2025-11-16 06:08:27.605791');
INSERT INTO public.samples VALUES ('MU19-16', 1, '10.5852/IEMTG02FY', NULL, NULL, NULL, 'WGS84', 'mean sea level', NULL, 'Orthogneiss', 'Apatite', 'Rock', 'Hand Sample', NULL, 'Outcrop location: Usisya Fault', NULL, 'Precambrian', 1250.00, NULL, NULL, 'M_McMillan', 'LA-ICP-MS_AFT+AHe', 'University of Melbourne', NULL, 31, 7, '2025-11-16 04:00:44.689706', '2025-11-16 06:08:27.605791');
INSERT INTO public.samples VALUES ('MU19-15', 1, '10.5852/IEMTG02FX', NULL, NULL, NULL, 'WGS84', 'mean sea level', NULL, 'Gneiss', 'Apatite', 'Rock', 'Hand Sample', NULL, 'Outcrop location: Usisya Fault', NULL, 'Precambrian', 1250.00, NULL, NULL, 'M_McMillan', 'LA-ICP-MS_AFT+AHe', 'University of Melbourne', NULL, 27, 6, '2025-11-16 04:00:44.689706', '2025-11-16 06:08:27.605791');
INSERT INTO public.samples VALUES ('MU19-14', 1, '10.5852/IEMTG02FW', NULL, NULL, NULL, 'WGS84', 'mean sea level', NULL, 'Gneiss', 'Apatite', 'Rock', 'Hand Sample', NULL, 'Outcrop location: Usisya Fault', NULL, 'Precambrian', 1250.00, NULL, NULL, 'M_McMillan', 'LA-ICP-MS_AFT+AHe', 'University of Melbourne', NULL, 32, 6, '2025-11-16 04:00:44.689706', '2025-11-16 06:08:27.605791');
INSERT INTO public.samples VALUES ('MU19-13', 1, '10.5852/IEMTG02FV', NULL, NULL, NULL, 'WGS84', 'mean sea level', NULL, 'Gneiss', 'Apatite', 'Rock', 'Hand Sample', NULL, 'Outcrop location: Usisya Fault', NULL, 'Precambrian', 1250.00, NULL, NULL, 'M_McMillan', 'LA-ICP-MS_AFT+AHe', 'University of Melbourne', NULL, 32, 6, '2025-11-16 04:00:44.689706', '2025-11-16 06:08:27.605791');
INSERT INTO public.samples VALUES ('MU19-12', 1, '10.5852/IEMTG02FU', NULL, NULL, NULL, 'WGS84', 'mean sea level', NULL, 'Gneiss', 'Apatite', 'Rock', 'Hand Sample', NULL, 'Outcrop location: Usisya Fault', NULL, 'Precambrian', 1250.00, NULL, NULL, 'M_McMillan', 'LA-ICP-MS_AFT+AHe', 'University of Melbourne', NULL, 33, 6, '2025-11-16 04:00:44.689706', '2025-11-16 06:08:27.605791');
INSERT INTO public.samples VALUES ('MU19-11', 1, '10.5852/IEMTG02FT', NULL, NULL, NULL, 'WGS84', 'mean sea level', NULL, 'Orthogneiss', 'Apatite', 'Rock', 'Hand Sample', NULL, 'Outcrop location: Usisya Fault', NULL, 'Precambrian', 1250.00, NULL, NULL, 'M_McMillan', 'LA-ICP-MS_AFT', 'University of Melbourne', NULL, 30, 0, '2025-11-16 04:00:44.689706', '2025-11-16 06:08:27.605791');
INSERT INTO public.samples VALUES ('MU19-09', 1, '10.5852/IEMTG02FR', NULL, NULL, NULL, 'WGS84', 'mean sea level', NULL, 'Gneiss', 'Apatite', 'Rock', 'Hand Sample', NULL, 'Outcrop location: Usisya Fault', NULL, 'Precambrian', 1250.00, NULL, NULL, 'M_McMillan', 'LA-ICP-MS_AFT+AHe', 'University of Melbourne', NULL, 33, 6, '2025-11-16 04:00:44.689706', '2025-11-16 06:08:27.605791');
INSERT INTO public.samples VALUES ('MU19-08', 1, '10.5852/IEMTG02FQ', NULL, NULL, NULL, 'WGS84', 'mean sea level', NULL, 'Gneiss', 'Apatite', 'Rock', 'Hand Sample', NULL, 'Outcrop location: Usisya Fault', NULL, 'Precambrian', 1250.00, NULL, NULL, 'M_McMillan', 'LA-ICP-MS_AFT+AHe', 'University of Melbourne', NULL, 35, 5, '2025-11-16 04:00:44.689706', '2025-11-16 06:08:27.605791');
INSERT INTO public.samples VALUES ('MU19-06', 1, '10.5852/IEMTG02FO', NULL, NULL, NULL, 'WGS84', 'mean sea level', NULL, 'Gneiss', 'Apatite', 'Rock', 'Hand Sample', NULL, 'Outcrop location: Usisya Fault', NULL, 'Precambrian', 1250.00, NULL, NULL, 'M_McMillan', 'LA-ICP-MS_AFT+AHe', 'University of Melbourne', NULL, 32, 6, '2025-11-16 04:00:44.689706', '2025-11-16 06:08:27.605791');
INSERT INTO public.samples VALUES ('MU19-05', 1, '10.5852/IEMTG02FN', NULL, NULL, NULL, 'WGS84', 'mean sea level', NULL, 'Paragneiss', 'Apatite', 'Rock', 'Hand Sample', NULL, 'Outcrop location: Usisya Fault', NULL, 'Precambrian', 1250.00, NULL, NULL, 'M_McMillan', 'LA-ICP-MS_AFT', 'University of Melbourne', NULL, 22, 0, '2025-11-16 04:00:44.689706', '2025-11-16 06:08:27.605791');


--
-- Data for Name: ahe_grain_data; Type: TABLE DATA; Schema: public; Owner: -
--

INSERT INTO public.ahe_grain_data VALUES (1, 'MU19-06', '23294', 310.50, 84.60, 99.80, 0.022400, '0', 18.700, 8.300, 57.900, 20.700, 7.778000, 136.60, 160.60, 10.00, 0.8500, 'E', 'O', '2025-11-16 04:00:44.689706');
INSERT INTO public.ahe_grain_data VALUES (2, 'MU19-06', '23295', 270.80, 72.20, 85.50, 0.014200, '0', 6.600, 2.100, 25.700, 7.100, 1.056000, 85.30, 103.10, 6.40, 0.8300, 'E', 'O', '2025-11-16 04:00:44.689706');
INSERT INTO public.ahe_grain_data VALUES (3, 'MU19-06', '23296', 215.70, 52.00, 62.90, 0.005900, '0', 7.500, 2.100, 24.700, 8.000, 0.259000, 45.20, 58.90, 3.70, 0.7700, 'E', 'S', '2025-11-16 04:00:44.689706');
INSERT INTO public.ahe_grain_data VALUES (4, 'MU19-06', '23297', 197.30, 63.10, 71.70, 0.007900, '0', 6.400, 2.200, 17.800, 6.900, 0.201000, 30.20, 38.00, 2.40, 0.7900, 'E', 'S', '2025-11-16 04:00:44.689706');
INSERT INTO public.ahe_grain_data VALUES (5, 'MU19-06', '23298', 219.00, 49.90, 61.00, 0.005500, '0', 18.100, 4.400, 61.800, 19.100, 0.857000, 66.60, 87.60, 5.40, 0.7600, 'E', 'S', '2025-11-16 04:00:44.689706');
INSERT INTO public.ahe_grain_data VALUES (6, 'MU19-08', '23299', 193.00, 56.20, 65.30, 0.006100, '0', 9.600, 2.900, 65.900, 10.300, 0.117000, 15.20, 19.60, 1.20, 0.7700, 'E', NULL, '2025-11-16 04:00:44.689706');
INSERT INTO public.ahe_grain_data VALUES (7, 'MU19-08', '23300', 273.50, 60.70, 74.60, 0.010200, '1', 12.200, 1.900, 69.100, 12.600, 0.225000, 20.30, 25.60, 1.60, 0.8000, 'E', NULL, '2025-11-16 04:00:44.689706');
INSERT INTO public.ahe_grain_data VALUES (8, 'MU19-08', '23301', 228.60, 67.80, 78.40, 0.007800, '0', 6.000, 1.300, 74.700, 6.300, 0.329000, 40.10, 49.30, 3.10, 0.7800, 'E', NULL, '2025-11-16 04:00:44.689706');
INSERT INTO public.ahe_grain_data VALUES (9, 'MU19-08', '23303', 253.60, 77.70, 89.20, 0.011400, '0', 6.100, 1.200, 80.900, 6.400, 0.278000, 22.70, 27.20, 1.70, 0.8100, 'E', NULL, '2025-11-16 04:00:44.689706');
INSERT INTO public.ahe_grain_data VALUES (10, 'MU19-09', '22843', 285.20, 79.40, 93.20, 0.018100, '0', 5.500, 4.500, 43.700, 6.600, 0.474000, 32.50, 38.90, 2.40, 0.8400, 'B', 'S', '2025-11-16 04:00:44.689706');
INSERT INTO public.ahe_grain_data VALUES (11, 'MU19-09', '22844', 294.20, 78.60, 93.10, 0.018300, '0', 7.300, 1.000, 59.000, 7.500, 1.469000, 86.30, 102.20, 6.30, 0.8400, 'B', 'S', '2025-11-16 04:00:44.689706');
INSERT INTO public.ahe_grain_data VALUES (12, 'MU19-09', '22845', 336.50, 90.20, 106.70, 0.027500, '0', 6.700, 0.400, 64.300, 6.800, 0.914000, 39.50, 45.60, 2.80, 0.8700, 'B', 'S', '2025-11-16 04:00:44.689706');
INSERT INTO public.ahe_grain_data VALUES (13, 'MU19-09', '22846', 248.20, 75.60, 86.90, 0.009400, '1', 10.800, 4.000, 163.100, 11.700, 1.382000, 100.70, 122.80, 7.60, 0.8200, 'B', 'O', '2025-11-16 04:00:44.689706');
INSERT INTO public.ahe_grain_data VALUES (14, 'MU19-09', '22847', 250.40, 79.20, 90.30, 0.015800, '0', 3.000, 0.600, 36.700, 3.100, 0.213000, 34.40, 41.00, 2.50, 0.8400, 'B', 'S', '2025-11-16 04:00:44.689706');
INSERT INTO public.ahe_grain_data VALUES (15, 'MU19-12', '22772', 412.50, 86.60, 107.40, 0.022100, '1', 7.700, 30.000, 129.800, 14.800, 0.647000, 16.10, 19.20, 1.20, 0.8400, 'B', 'S', '2025-11-16 04:00:44.689706');
INSERT INTO public.ahe_grain_data VALUES (16, 'MU19-12', '22773', 251.50, 94.10, 102.70, 0.022400, '0', 2.400, 0.900, 74.500, 2.600, 0.309000, 42.10, 49.20, 3.10, 0.8600, 'B', 'S', '2025-11-16 04:00:44.689706');
INSERT INTO public.ahe_grain_data VALUES (17, 'MU19-12', '22774', 228.90, 75.20, 84.90, 0.013000, '0', 1.000, 1.300, 39.700, 1.300, 0.204000, 93.10, 113.90, 7.10, 0.8200, 'B', 'X', '2025-11-16 04:00:44.689706');
INSERT INTO public.ahe_grain_data VALUES (18, 'MU19-12', '22775', 343.90, 95.50, 112.10, 0.031500, '0', 4.400, 2.400, 77.000, 5.000, 0.657000, 33.80, 39.00, 2.40, 0.8700, 'B', 'S', '2025-11-16 04:00:44.689706');
INSERT INTO public.ahe_grain_data VALUES (19, 'MU19-12', '22776', 279.90, 75.20, 88.90, 0.013200, '2', 11.500, 28.300, 137.600, 18.200, 0.722000, 24.60, 30.80, 1.90, 0.8000, 'B', 'S', '2025-11-16 04:00:44.689706');
INSERT INTO public.ahe_grain_data VALUES (20, 'MU19-13', '23304', 159.30, 62.50, 67.30, 0.006300, '0', 27.700, 4.200, 49.400, 28.700, 0.786000, 35.80, 45.60, 2.80, 0.7900, 'E', NULL, '2025-11-16 04:00:44.689706');
INSERT INTO public.ahe_grain_data VALUES (21, 'MU19-13', '23305', 456.10, 76.50, 98.30, 0.019700, '0', 36.800, 4.800, 68.800, 37.900, 3.462000, 37.90, 44.90, 2.80, 0.8400, 'E', NULL, '2025-11-16 04:00:44.689706');
INSERT INTO public.ahe_grain_data VALUES (22, 'MU19-13', '23306', 231.50, 56.10, 67.70, 0.007300, '0', 28.700, 4.200, 113.400, 29.700, 1.295000, 48.60, 61.80, 3.80, 0.7900, 'E', NULL, '2025-11-16 04:00:44.689706');
INSERT INTO public.ahe_grain_data VALUES (23, 'MU19-13', '23307', 257.60, 75.00, 87.10, 0.014600, '0', 13.300, 2.700, 55.200, 13.900, 1.076000, 43.30, 52.00, 3.20, 0.8300, 'E', NULL, '2025-11-16 04:00:44.689706');
INSERT INTO public.ahe_grain_data VALUES (24, 'MU19-13', '23308', 177.70, 75.10, 79.10, 0.010100, '0', 30.300, 4.100, 79.300, 31.300, 3.854000, 99.50, 121.70, 7.50, 0.8200, 'E', NULL, '2025-11-16 04:00:44.689706');
INSERT INTO public.ahe_grain_data VALUES (29, 'MU19-14', '22791', 177.30, 51.10, 59.50, 0.010400, '1', 3.000, 1.000, 22.500, 3.200, 0.274000, 66.50, 82.00, 5.10, 0.8100, 'B', NULL, '2025-11-16 04:00:44.689706');
INSERT INTO public.ahe_grain_data VALUES (34, 'MU19-16', '23368', 234.80, 62.70, 74.20, 0.005300, '0', 2.200, 1.600, 172.200, 2.600, 0.050000, 27.90, 37.10, 2.30, 0.7500, 'E', 'S', '2025-11-16 04:00:44.689706');
INSERT INTO public.ahe_grain_data VALUES (35, 'MU19-16', '23369', 298.70, 96.60, 109.50, 0.013500, '0', 2.700, 0.700, 209.300, 2.900, 0.240000, 46.20, 56.70, 3.50, 0.8100, 'E', NULL, '2025-11-16 04:00:44.689706');
INSERT INTO public.ahe_grain_data VALUES (41, 'MU19-17', '22777', 225.20, 72.50, 82.30, 0.028700, '0', 2.700, 0.600, 82.900, 2.800, 0.280000, 26.90, 32.80, 2.00, 0.8600, 'B', NULL, '2025-11-16 04:00:44.689706');
INSERT INTO public.ahe_grain_data VALUES (42, 'MU19-17', '22778', 185.50, 66.80, 73.70, 0.009100, '0', 4.500, 1.000, 148.800, 4.700, 0.848000, 151.20, 190.00, 11.80, 0.8000, 'B', NULL, '2025-11-16 04:00:44.689706');
INSERT INTO public.ahe_grain_data VALUES (43, 'MU19-17', '22779', 196.50, 58.60, 67.80, 0.005500, '1', 2.400, 5.400, 260.900, 3.700, 0.050000, 18.70, 24.90, 1.50, 0.7500, 'B', NULL, '2025-11-16 04:00:44.689706');
INSERT INTO public.ahe_grain_data VALUES (44, 'MU19-17', '22780', 289.00, 66.40, 81.00, 0.007800, '0', 1.700, 1.200, 52.200, 2.000, 0.058000, 29.80, 38.40, 2.40, 0.7700, 'B', NULL, '2025-11-16 04:00:44.689706');
INSERT INTO public.ahe_grain_data VALUES (45, 'MU19-17', '22781', 281.40, 66.80, 81.00, 0.013800, '0', 1.000, 1.000, 53.800, 1.200, 0.042000, 18.90, 23.60, 1.50, 0.8000, 'B', NULL, '2025-11-16 04:00:44.689706');
INSERT INTO public.ahe_grain_data VALUES (46, 'MU19-18', '23370', 225.20, 72.50, 82.30, 0.011900, '0', 11.800, 2.200, 12.000, 12.300, 1.058000, 59.20, 71.90, 4.50, 0.8200, 'E', 'S', '2025-11-16 04:00:44.689706');
INSERT INTO public.ahe_grain_data VALUES (47, 'MU19-18', '23371', 185.50, 66.80, 73.70, 0.008300, '0', 6.100, 1.500, 17.200, 6.500, 0.172000, 26.30, 32.80, 2.00, 0.8000, 'E', 'S', '2025-11-16 04:00:44.689706');
INSERT INTO public.ahe_grain_data VALUES (48, 'MU19-18', '23372', 196.50, 58.60, 67.80, 0.006800, '0', 15.400, 2.700, 22.000, 16.000, 0.341000, 25.60, 32.60, 2.00, 0.7900, 'E', 'S', '2025-11-16 04:00:44.689706');
INSERT INTO public.ahe_grain_data VALUES (49, 'MU19-18', '23373', 289.00, 66.40, 81.00, 0.009000, '1', 18.700, 1.500, 34.400, 19.100, 0.784000, 37.60, 46.20, 2.90, 0.8100, 'E', 'S', '2025-11-16 04:00:44.689706');
INSERT INTO public.ahe_grain_data VALUES (50, 'MU19-18', '23374', 281.40, 66.80, 81.00, 0.012600, '0', 6.600, 1.500, 9.700, 7.000, 0.464000, 43.00, 52.40, 3.20, 0.8200, 'E', 'S', '2025-11-16 04:00:44.689706');
INSERT INTO public.ahe_grain_data VALUES (25, 'MU19-14', '22787', 158.60, 48.80, 56.00, 0.003900, '0', 1.600, 2.100, 14.000, 2.100, 0.025000, 24.60, 33.80, 2.10, 0.7300, 'B', NULL, '2025-11-16 04:00:44.689706');
INSERT INTO public.ahe_grain_data VALUES (26, 'MU19-14', '22788', 244.10, 67.10, 79.00, 0.007000, '0', 1.600, 1.200, 5.300, 1.900, 0.111000, 67.90, 86.70, 5.40, 0.7800, 'B', NULL, '2025-11-16 04:00:44.689706');
INSERT INTO public.ahe_grain_data VALUES (27, 'MU19-14', '22789', 241.60, 48.20, 60.20, 0.006300, '2', 12.700, 2.800, 69.100, 13.400, 1.372000, 131.50, 168.60, 10.50, 0.7800, 'B', NULL, '2025-11-16 04:00:44.689706');
INSERT INTO public.ahe_grain_data VALUES (28, 'MU19-14', '22790', 280.70, 46.60, 60.00, 0.008500, '0', 1.900, 0.500, 5.500, 2.000, 0.313000, 150.00, 187.30, 11.60, 0.8000, 'B', NULL, '2025-11-16 04:00:44.689706');
INSERT INTO public.ahe_grain_data VALUES (30, 'MU19-15', '22792', 312.30, 57.80, 73.20, 0.023500, '0', 3.700, 0.200, 98.700, 3.700, 0.480000, 43.50, 50.30, 3.10, 0.8600, 'B', NULL, '2025-11-16 04:00:44.689706');
INSERT INTO public.ahe_grain_data VALUES (31, 'MU19-15', '22793', 241.40, 74.20, 85.10, 0.009000, '0', 4.200, 0.900, 127.400, 4.400, 0.201000, 40.10, 50.00, 3.10, 0.8000, 'B', NULL, '2025-11-16 04:00:44.689706');
INSERT INTO public.ahe_grain_data VALUES (32, 'MU19-15', '22794', 241.70, 74.10, 85.00, 0.014000, '1', 7.500, 0.700, 113.800, 7.700, 0.569000, 42.80, 52.40, 3.20, 0.8200, 'B', NULL, '2025-11-16 04:00:44.689706');
INSERT INTO public.ahe_grain_data VALUES (33, 'MU19-15', '22796', 209.30, 58.00, 68.10, 0.010100, '2', 2.700, 0.500, 81.800, 2.800, 0.132000, 37.30, 45.80, 2.80, 0.8100, 'B', NULL, '2025-11-16 04:00:44.689706');
INSERT INTO public.ahe_grain_data VALUES (36, 'MU19-16', '23375', 136.80, 53.20, 57.50, 0.013500, '0', 3.900, 0.300, 116.200, 4.000, 0.630000, 92.80, 111.40, 6.90, 0.8300, 'E', 'S', '2025-11-16 04:00:44.689706');
INSERT INTO public.ahe_grain_data VALUES (37, 'MU19-16', '23376', 155.60, 66.70, 70.00, 0.009500, '0', 3.300, 0.700, 115.300, 3.500, 0.325000, 77.70, 95.80, 5.90, 0.8100, 'E', 'S', '2025-11-16 04:00:44.689706');
INSERT INTO public.ahe_grain_data VALUES (38, 'MU19-16', '23377', 187.30, 57.90, 66.30, 0.012000, '0', 6.900, 0.700, 128.000, 7.100, 1.021000, 95.40, 115.20, 7.10, 0.8300, 'E', 'S', '2025-11-16 04:00:44.689706');
INSERT INTO public.ahe_grain_data VALUES (39, 'MU19-16', '23378', 114.20, 86.20, 73.70, 0.008500, '0', 11.100, 1.400, 179.900, 11.400, 0.891000, 73.80, 90.20, 5.60, 0.8200, 'E', 'S', '2025-11-16 04:00:44.689706');
INSERT INTO public.ahe_grain_data VALUES (40, 'MU19-16', '23379', 231.80, 67.00, 77.90, 0.012000, '0', 5.500, 1.000, 118.700, 5.700, 0.663000, 77.00, 93.10, 5.80, 0.8300, 'E', 'S', '2025-11-16 04:00:44.689706');


--
-- Data for Name: data_files; Type: TABLE DATA; Schema: public; Owner: -
--

INSERT INTO public.data_files VALUES (1, 1, 'dataset-metadata.csv', '/data/malawi-rift/dataset-metadata.csv', 'dataset_metadata', 'Dataset Metadata', 623, 1, 'Dataset-level metadata and attribution', '2025-11-16 06:12:21.889862', '2025-11-16 06:12:21.889862');
INSERT INTO public.data_files VALUES (2, 1, 'ahe-grain-data.csv', '/data/malawi-rift/ahe-grain-data.csv', 'ahe_grains', 'AHe Grain Data', 5640, 32, '(U-Th)/He single grain age data', '2025-11-16 06:12:22.21422', '2025-11-16 06:12:22.21422');
INSERT INTO public.data_files VALUES (3, 1, 'table-04-geosample-metadata.csv', '/data/malawi-rift/table-04-geosample-metadata.csv', 'geosample', 'Geosample Metadata (Table 4)', 5945, 19, 'Sample locations and metadata', '2025-11-16 06:12:22.494217', '2025-11-16 06:12:22.494217');
INSERT INTO public.data_files VALUES (4, 1, 'table-05-fission-track-counts.csv', '/data/malawi-rift/table-05-fission-track-counts.csv', 'aft_counts', 'Fission-Track Counts (Table 5)', 8799, 19, 'Track count data', '2025-11-16 06:12:22.774364', '2025-11-16 06:12:22.774364');
INSERT INTO public.data_files VALUES (5, 1, 'table-06-track-lengths.csv', '/data/malawi-rift/table-06-track-lengths.csv', 'aft_lengths', 'Track Lengths (Table 6)', 6529, 19, 'Track length measurements', '2025-11-16 06:12:23.254226', '2025-11-16 06:12:23.254226');
INSERT INTO public.data_files VALUES (6, 1, 'table-10-fission-track-ages.csv', '/data/malawi-rift/table-10-fission-track-ages.csv', 'aft_ages', 'Fission-Track Ages (Table 10)', 5079, 19, 'Calculated ages with statistics', '2025-11-16 06:12:23.530061', '2025-11-16 06:12:23.530061');


--
-- Data for Name: ft_ages; Type: TABLE DATA; Schema: public; Owner: -
--

INSERT INTO public.ft_ages VALUES (1, 'MU19-05', 'LA-ICP-MS zeta-calibrated', 'central', '1.55125e-10', '8.46e-17', NULL, NULL, 'N/A (LA-ICP-MS)', NULL, NULL, 'N/A (LA-ICP-MS)', 22, 168.90, 57.50, 245.30, 49.20, 61.360, 0.000300, NULL, NULL, NULL, NULL, '2025-11-16 04:00:44.689706');
INSERT INTO public.ft_ages VALUES (2, 'MU19-06', 'LA-ICP-MS zeta-calibrated', 'central', '1.55125e-10', '8.46e-17', NULL, NULL, 'N/A (LA-ICP-MS)', NULL, NULL, 'N/A (LA-ICP-MS)', 32, 106.50, 7.60, 110.50, 6.20, 16.420, 0.023100, NULL, NULL, NULL, NULL, '2025-11-16 04:00:44.689706');
INSERT INTO public.ft_ages VALUES (3, 'MU19-08', 'LA-ICP-MS zeta-calibrated', 'central', '1.55125e-10', '8.46e-17', NULL, NULL, 'N/A (LA-ICP-MS)', NULL, NULL, 'N/A (LA-ICP-MS)', 35, 281.00, 11.80, 289.60, 11.70, 15.370, 0.000800, NULL, NULL, NULL, NULL, '2025-11-16 04:00:44.689706');
INSERT INTO public.ft_ages VALUES (4, 'MU19-09', 'LA-ICP-MS zeta-calibrated', 'central', '1.55125e-10', '8.46e-17', NULL, NULL, 'N/A (LA-ICP-MS)', NULL, NULL, 'N/A (LA-ICP-MS)', 33, 189.00, 19.20, 203.50, 15.00, 33.620, 0.000000, NULL, NULL, NULL, NULL, '2025-11-16 04:00:44.689706');
INSERT INTO public.ft_ages VALUES (5, 'MU19-11', 'LA-ICP-MS zeta-calibrated', 'central', '1.55125e-10', '8.46e-17', NULL, NULL, 'N/A (LA-ICP-MS)', NULL, NULL, 'N/A (LA-ICP-MS)', 30, 144.40, 7.20, 148.30, 7.90, 0.000, 0.933400, NULL, NULL, NULL, NULL, '2025-11-16 04:00:44.689706');
INSERT INTO public.ft_ages VALUES (6, 'MU19-12', 'LA-ICP-MS zeta-calibrated', 'central', '1.55125e-10', '8.46e-17', NULL, NULL, 'N/A (LA-ICP-MS)', NULL, NULL, 'N/A (LA-ICP-MS)', 33, 155.10, 25.70, 182.10, 21.60, 44.590, 0.001500, NULL, NULL, NULL, NULL, '2025-11-16 04:00:44.689706');
INSERT INTO public.ft_ages VALUES (7, 'MU19-13', 'LA-ICP-MS zeta-calibrated', 'central', '1.55125e-10', '8.46e-17', NULL, NULL, 'N/A (LA-ICP-MS)', NULL, NULL, 'N/A (LA-ICP-MS)', 32, 215.10, 4.60, 216.60, 4.60, 4.720, 0.227800, NULL, NULL, NULL, NULL, '2025-11-16 04:00:44.689706');
INSERT INTO public.ft_ages VALUES (8, 'MU19-14', 'LA-ICP-MS zeta-calibrated', 'central', '1.55125e-10', '8.46e-17', NULL, NULL, 'N/A (LA-ICP-MS)', NULL, NULL, 'N/A (LA-ICP-MS)', 32, 230.60, 16.30, 244.50, 14.50, 24.090, 0.000000, NULL, NULL, NULL, NULL, '2025-11-16 04:00:44.689706');
INSERT INTO public.ft_ages VALUES (9, 'MU19-15', 'LA-ICP-MS zeta-calibrated', 'central', '1.55125e-10', '8.46e-17', NULL, NULL, 'N/A (LA-ICP-MS)', NULL, NULL, 'N/A (LA-ICP-MS)', 27, 258.30, 32.50, 290.60, 28.10, 34.400, 0.000700, NULL, NULL, NULL, NULL, '2025-11-16 04:00:44.689706');
INSERT INTO public.ft_ages VALUES (10, 'MU19-16', 'LA-ICP-MS zeta-calibrated', 'central', '1.55125e-10', '8.46e-17', NULL, NULL, 'N/A (LA-ICP-MS)', NULL, NULL, 'N/A (LA-ICP-MS)', 31, 222.70, 23.20, 246.80, 19.60, 27.670, 0.005200, NULL, NULL, NULL, NULL, '2025-11-16 04:00:44.689706');
INSERT INTO public.ft_ages VALUES (11, 'MU19-17', 'LA-ICP-MS zeta-calibrated', 'central', '1.55125e-10', '8.46e-17', NULL, NULL, 'N/A (LA-ICP-MS)', NULL, NULL, 'N/A (LA-ICP-MS)', 33, 273.20, 18.30, 282.10, 16.40, 22.840, 0.000300, NULL, NULL, NULL, NULL, '2025-11-16 04:00:44.689706');
INSERT INTO public.ft_ages VALUES (12, 'MU19-18', 'LA-ICP-MS zeta-calibrated', 'central', '1.55125e-10', '8.46e-17', NULL, NULL, 'N/A (LA-ICP-MS)', NULL, NULL, 'N/A (LA-ICP-MS)', 28, 317.30, 16.20, 324.80, 15.40, 0.000, 0.751900, NULL, NULL, NULL, NULL, '2025-11-16 04:00:44.689706');
INSERT INTO public.ft_ages VALUES (13, 'MU19-20', 'LA-ICP-MS zeta-calibrated', 'central', '1.55125e-10', '8.46e-17', NULL, NULL, 'N/A (LA-ICP-MS)', NULL, NULL, 'N/A (LA-ICP-MS)', 33, 269.70, 22.00, 283.10, 24.30, 41.400, 0.000000, NULL, NULL, NULL, NULL, '2025-11-16 04:00:44.689706');
INSERT INTO public.ft_ages VALUES (14, 'MU19-22', 'LA-ICP-MS zeta-calibrated', 'central', '1.55125e-10', '8.46e-17', NULL, NULL, 'N/A (LA-ICP-MS)', NULL, NULL, 'N/A (LA-ICP-MS)', 15, 169.70, 45.90, 138.30, 29.90, 70.370, 0.000000, NULL, NULL, NULL, NULL, '2025-11-16 04:00:44.689706');
INSERT INTO public.ft_ages VALUES (15, 'MU19-23', 'LA-ICP-MS zeta-calibrated', 'central', '1.55125e-10', '8.46e-17', NULL, NULL, 'N/A (LA-ICP-MS)', NULL, NULL, 'N/A (LA-ICP-MS)', 33, 165.40, 6.80, 166.00, 6.80, 15.350, 0.000900, NULL, NULL, NULL, NULL, '2025-11-16 04:00:44.689706');
INSERT INTO public.ft_ages VALUES (16, 'MU19-24', 'LA-ICP-MS zeta-calibrated', 'central', '1.55125e-10', '8.46e-17', NULL, NULL, 'N/A (LA-ICP-MS)', NULL, NULL, 'N/A (LA-ICP-MS)', 33, 82.80, 5.60, 85.70, 5.60, 17.060, 0.179700, NULL, NULL, NULL, NULL, '2025-11-16 04:00:44.689706');
INSERT INTO public.ft_ages VALUES (17, 'MU19-25', 'LA-ICP-MS zeta-calibrated', 'central', '1.55125e-10', '8.46e-17', NULL, NULL, 'N/A (LA-ICP-MS)', NULL, NULL, 'N/A (LA-ICP-MS)', 33, 135.40, 6.40, 138.80, 5.90, 9.720, 0.188600, NULL, NULL, NULL, NULL, '2025-11-16 04:00:44.689706');
INSERT INTO public.ft_ages VALUES (18, 'MU19-26', 'LA-ICP-MS zeta-calibrated', 'central', '1.55125e-10', '8.46e-17', NULL, NULL, 'N/A (LA-ICP-MS)', NULL, NULL, 'N/A (LA-ICP-MS)', 32, 230.20, 9.70, 237.90, 8.80, 15.770, 0.000000, NULL, NULL, NULL, NULL, '2025-11-16 04:00:44.689706');
INSERT INTO public.ft_ages VALUES (19, 'MU19-28', 'LA-ICP-MS zeta-calibrated', 'central', '1.55125e-10', '8.46e-17', NULL, NULL, 'N/A (LA-ICP-MS)', NULL, NULL, 'N/A (LA-ICP-MS)', 24, 143.90, 8.80, 148.10, 9.10, 15.200, 0.123900, NULL, NULL, NULL, NULL, '2025-11-16 04:00:44.689706');
INSERT INTO public.ft_ages VALUES (20, 'MU19-29', 'LA-ICP-MS zeta-calibrated', 'central', '1.55125e-10', '8.46e-17', NULL, NULL, 'N/A (LA-ICP-MS)', NULL, NULL, 'N/A (LA-ICP-MS)', 20, 95.40, 6.30, 99.70, 7.40, 0.000, 0.743700, NULL, NULL, NULL, NULL, '2025-11-16 04:00:44.689706');
INSERT INTO public.ft_ages VALUES (21, 'MU19-30', 'LA-ICP-MS zeta-calibrated', 'central', '1.55125e-10', '8.46e-17', NULL, NULL, 'N/A (LA-ICP-MS)', NULL, NULL, 'N/A (LA-ICP-MS)', 30, 68.80, 3.50, 71.10, 4.10, 0.000, 0.911600, NULL, NULL, NULL, NULL, '2025-11-16 04:00:44.689706');
INSERT INTO public.ft_ages VALUES (22, 'MU19-33', 'LA-ICP-MS zeta-calibrated', 'central', '1.55125e-10', '8.46e-17', NULL, NULL, 'N/A (LA-ICP-MS)', NULL, NULL, 'N/A (LA-ICP-MS)', 32, 173.70, 10.80, 179.40, 9.60, 20.650, 0.001000, NULL, NULL, NULL, NULL, '2025-11-16 04:00:44.689706');
INSERT INTO public.ft_ages VALUES (23, 'MU19-34', 'LA-ICP-MS zeta-calibrated', 'central', '1.55125e-10', '8.46e-17', NULL, NULL, 'N/A (LA-ICP-MS)', NULL, NULL, 'N/A (LA-ICP-MS)', 26, 257.00, 15.00, 258.00, 14.20, 20.550, 0.000000, NULL, NULL, NULL, NULL, '2025-11-16 04:00:44.689706');
INSERT INTO public.ft_ages VALUES (24, 'MU19-36', 'LA-ICP-MS zeta-calibrated', 'central', '1.55125e-10', '8.46e-17', NULL, NULL, 'N/A (LA-ICP-MS)', NULL, NULL, 'N/A (LA-ICP-MS)', 32, 199.40, 11.70, 201.00, 11.40, 25.010, 0.000000, NULL, NULL, NULL, NULL, '2025-11-16 04:00:44.689706');
INSERT INTO public.ft_ages VALUES (25, 'MU19-37', 'LA-ICP-MS zeta-calibrated', 'central', '1.55125e-10', '8.46e-17', NULL, NULL, 'N/A (LA-ICP-MS)', NULL, NULL, 'N/A (LA-ICP-MS)', 31, 249.90, 14.80, 264.20, 13.90, 25.470, 0.000000, NULL, NULL, NULL, NULL, '2025-11-16 04:00:44.689706');
INSERT INTO public.ft_ages VALUES (26, 'MU19-39', 'LA-ICP-MS zeta-calibrated', 'central', '1.55125e-10', '8.46e-17', NULL, NULL, 'N/A (LA-ICP-MS)', NULL, NULL, 'N/A (LA-ICP-MS)', 32, 115.90, 8.20, 118.20, 6.90, 28.160, 0.000000, NULL, NULL, NULL, NULL, '2025-11-16 04:00:44.689706');
INSERT INTO public.ft_ages VALUES (27, 'MU19-47', 'LA-ICP-MS zeta-calibrated', 'central', '1.55125e-10', '8.46e-17', NULL, NULL, 'N/A (LA-ICP-MS)', NULL, NULL, 'N/A (LA-ICP-MS)', 33, 166.10, 9.80, 175.60, 9.20, 8.370, 0.076300, NULL, NULL, NULL, NULL, '2025-11-16 04:00:44.689706');
INSERT INTO public.ft_ages VALUES (28, 'MU19-48', 'LA-ICP-MS zeta-calibrated', 'central', '1.55125e-10', '8.46e-17', NULL, NULL, 'N/A (LA-ICP-MS)', NULL, NULL, 'N/A (LA-ICP-MS)', 13, 289.20, 20.10, 294.60, 19.20, 16.630, 0.005900, NULL, NULL, NULL, NULL, '2025-11-16 04:00:44.689706');
INSERT INTO public.ft_ages VALUES (29, 'MU19-49', 'LA-ICP-MS zeta-calibrated', 'central', '1.55125e-10', '8.46e-17', NULL, NULL, 'N/A (LA-ICP-MS)', NULL, NULL, 'N/A (LA-ICP-MS)', 24, 90.50, 12.00, 91.40, 11.80, 47.400, 0.000000, NULL, NULL, NULL, NULL, '2025-11-16 04:00:44.689706');
INSERT INTO public.ft_ages VALUES (30, 'MU19-50', 'LA-ICP-MS zeta-calibrated', 'central', '1.55125e-10', '8.46e-17', NULL, NULL, 'N/A (LA-ICP-MS)', NULL, NULL, 'N/A (LA-ICP-MS)', 33, 17.70, 1.10, 18.90, 1.20, 0.000, 0.596400, NULL, NULL, NULL, NULL, '2025-11-16 04:00:44.689706');
INSERT INTO public.ft_ages VALUES (31, 'MU19-51', 'LA-ICP-MS zeta-calibrated', 'central', '1.55125e-10', '8.46e-17', NULL, NULL, 'N/A (LA-ICP-MS)', NULL, NULL, 'N/A (LA-ICP-MS)', 33, 22.20, 1.80, 24.00, 1.90, 27.430, 0.005100, NULL, NULL, NULL, NULL, '2025-11-16 04:00:44.689706');
INSERT INTO public.ft_ages VALUES (32, 'MU19-52', 'LA-ICP-MS zeta-calibrated', 'central', '1.55125e-10', '8.46e-17', NULL, NULL, 'N/A (LA-ICP-MS)', NULL, NULL, 'N/A (LA-ICP-MS)', 21, 116.40, 15.50, 103.80, 13.60, 46.360, 0.000000, NULL, NULL, NULL, NULL, '2025-11-16 04:00:44.689706');
INSERT INTO public.ft_ages VALUES (33, 'MU19-53', 'LA-ICP-MS zeta-calibrated', 'central', '1.55125e-10', '8.46e-17', NULL, NULL, 'N/A (LA-ICP-MS)', NULL, NULL, 'N/A (LA-ICP-MS)', 24, 180.60, 42.60, 253.30, 39.30, 63.230, 0.000000, NULL, NULL, NULL, NULL, '2025-11-16 04:00:44.689706');
INSERT INTO public.ft_ages VALUES (34, 'MU19-54', 'LA-ICP-MS zeta-calibrated', 'central', '1.55125e-10', '8.46e-17', NULL, NULL, 'N/A (LA-ICP-MS)', NULL, NULL, 'N/A (LA-ICP-MS)', 36, 43.50, 6.50, 60.80, 6.20, 0.000, 0.305900, NULL, NULL, NULL, NULL, '2025-11-16 04:00:44.689706');


--
-- Data for Name: ft_counts; Type: TABLE DATA; Schema: public; Owner: -
--

INSERT INTO public.ft_counts VALUES (35, 'MU19-05', 'MU19-05_aggregate', 149, 1890410.00, 3.320, 6.200, 1.790, 6.700, 3.750, 7.400, 1.600, 0.400, NULL, NULL, 0.0170, -0.0030, 0.8310, 0.8310, 0.030, 61.360, 22, 'digital', 'Unknown', 'manual', 'Unknown', '100', 'M_McMillan', 'University of Melbourne', NULL, NULL, '5.5', NULL, NULL, NULL, NULL, NULL, 'N/A (LA-ICP-MS)', '2025-11-16 04:00:44.689706');
INSERT INTO public.ft_counts VALUES (36, 'MU19-06', 'MU19-06_aggregate', 583, 398700.00, 7.930, 9.700, 1.090, 2.400, 8.190, 10.200, 1.410, 0.200, NULL, NULL, 0.0210, 0.1000, 0.8070, 0.8420, 2.310, 16.420, 32, 'digital', 'Unknown', 'manual', 'Unknown', '100', 'M_McMillan', 'University of Melbourne', NULL, NULL, '5.5', NULL, NULL, NULL, NULL, NULL, 'N/A (LA-ICP-MS)', '2025-11-16 04:00:44.689706');
INSERT INTO public.ft_counts VALUES (37, 'MU19-08', 'MU19-08_aggregate', 1304, 1149750.00, 8.880, 9.100, 0.740, 2.000, 9.060, 9.500, 1.630, 0.200, NULL, NULL, 0.0700, -0.0020, 0.8300, 0.8300, 0.080, 15.370, 35, 'digital', 'Unknown', 'manual', 'Unknown', '100', 'M_McMillan', 'University of Melbourne', NULL, NULL, '5.5', NULL, NULL, NULL, NULL, NULL, 'N/A (LA-ICP-MS)', '2025-11-16 04:00:44.689706');
INSERT INTO public.ft_counts VALUES (38, 'MU19-09', 'MU19-09_aggregate', 580, 367870.00, 4.250, 2.400, 0.200, 0.300, 4.300, 2.500, 1.520, 0.200, NULL, NULL, 0.0910, 0.0450, 0.8200, 0.8370, 0.000, 33.620, 33, 'digital', 'Unknown', 'manual', 'Unknown', '100', 'M_McMillan', 'University of Melbourne', NULL, NULL, '5.5', NULL, NULL, NULL, NULL, NULL, 'N/A (LA-ICP-MS)', '2025-11-16 04:00:44.689706');
INSERT INTO public.ft_counts VALUES (39, 'MU19-11', 'MU19-11_aggregate', 361, 487150.00, 7.170, 9.700, 6.580, 33.000, 8.780, 17.500, 1.370, 0.100, NULL, NULL, 0.0130, 0.0020, 0.8300, 0.8450, 93.340, 0.000, 30, 'digital', 'Unknown', 'manual', 'Unknown', '100', 'M_McMillan', 'University of Melbourne', NULL, NULL, '5.5', NULL, NULL, NULL, NULL, NULL, 'N/A (LA-ICP-MS)', '2025-11-16 04:00:44.689706');
INSERT INTO public.ft_counts VALUES (40, 'MU19-12', 'MU19-12_aggregate', 155, 98370.00, 1.260, 1.200, 0.850, 1.500, 1.470, 1.500, 2.270, 0.300, NULL, NULL, 0.0190, -0.0050, 0.8310, 0.7900, 0.150, 44.590, 33, 'digital', 'Unknown', 'manual', 'Unknown', '100', 'M_McMillan', 'University of Melbourne', NULL, NULL, '5.5', NULL, NULL, NULL, NULL, NULL, 'N/A (LA-ICP-MS)', '2025-11-16 04:00:44.689706');
INSERT INTO public.ft_counts VALUES (41, 'MU19-13', 'MU19-13_aggregate', 2894, 4397370.00, 44.290, 8.200, 4.440, 1.500, 45.380, 8.500, 1.860, 0.200, NULL, NULL, 0.0060, 0.0380, 0.8220, 0.8170, 22.780, 4.720, 32, 'digital', 'Unknown', 'manual', 'Unknown', '100', 'M_McMillan', 'University of Melbourne', NULL, NULL, '5.5', NULL, NULL, NULL, NULL, NULL, 'N/A (LA-ICP-MS)', '2025-11-16 04:00:44.689706');
INSERT INTO public.ft_counts VALUES (42, 'MU19-14', 'MU19-14_aggregate', 834, 1472590.00, 13.890, 11.100, 6.270, 6.200, 15.420, 12.100, 1.400, 0.100, NULL, NULL, 0.0440, 0.0080, 0.8280, 0.8430, 0.000, 24.090, 32, 'digital', 'Unknown', 'manual', 'Unknown', '100', 'M_McMillan', 'University of Melbourne', NULL, NULL, '5.5', NULL, NULL, NULL, NULL, NULL, 'N/A (LA-ICP-MS)', '2025-11-16 04:00:44.689706');
INSERT INTO public.ft_counts VALUES (43, 'MU19-15', 'MU19-15_aggregate', 260, 430180.00, 3.610, 3.700, 0.660, 1.900, 3.770, 3.900, 1.370, 0.100, NULL, NULL, 0.0050, -0.0190, 0.8340, 0.8450, 0.070, 34.400, 27, 'digital', 'Unknown', 'manual', 'Unknown', '100', 'M_McMillan', 'University of Melbourne', NULL, NULL, '5.5', NULL, NULL, NULL, NULL, NULL, 'N/A (LA-ICP-MS)', '2025-11-16 04:00:44.689706');
INSERT INTO public.ft_counts VALUES (44, 'MU19-16', 'MU19-16_aggregate', 307, 498040.00, 4.870, 4.500, 1.590, 3.500, 5.260, 5.300, 1.310, 0.100, NULL, NULL, 0.0050, -0.0210, 0.8350, 0.8480, 0.520, 27.670, 31, 'digital', 'Unknown', 'manual', 'Unknown', '100', 'M_McMillan', 'University of Melbourne', NULL, NULL, '5.5', NULL, NULL, NULL, NULL, NULL, 'N/A (LA-ICP-MS)', '2025-11-16 04:00:44.689706');
INSERT INTO public.ft_counts VALUES (45, 'MU19-17', 'MU19-17_aggregate', 715, 533580.00, 4.270, 3.800, 3.550, 13.400, 5.140, 6.400, 1.390, 0.100, NULL, NULL, 0.0600, -0.0030, 0.8310, 0.8440, 0.030, 22.840, 33, 'digital', 'Unknown', 'manual', 'Unknown', '100', 'M_McMillan', 'University of Melbourne', NULL, NULL, '5.5', NULL, NULL, NULL, NULL, NULL, 'N/A (LA-ICP-MS)', '2025-11-16 04:00:44.689706');
INSERT INTO public.ft_counts VALUES (46, 'MU19-18', 'MU19-18_aggregate', 473, 509660.00, 3.440, 4.100, 0.070, 0.200, 3.460, 4.200, 1.310, 0.100, NULL, NULL, NULL, NULL, 0.8260, 0.8480, 75.190, 0.000, 28, 'digital', 'Unknown', 'manual', 'Unknown', '100', 'M_McMillan', 'University of Melbourne', NULL, NULL, '5.5', NULL, NULL, NULL, NULL, NULL, 'N/A (LA-ICP-MS)', '2025-11-16 04:00:44.689706');
INSERT INTO public.ft_counts VALUES (47, 'MU19-20', 'MU19-20_aggregate', 788, 511390.00, 4.090, 4.700, 0.080, 0.200, 4.100, 4.800, 1.650, 0.100, NULL, NULL, 0.0270, 0.0180, 0.8200, 0.8300, 0.000, 41.400, 33, 'digital', 'Unknown', 'manual', 'Unknown', '100', 'M_McMillan', 'University of Melbourne', NULL, NULL, '5.5', NULL, NULL, NULL, NULL, NULL, 'N/A (LA-ICP-MS)', '2025-11-16 04:00:44.689706');
INSERT INTO public.ft_counts VALUES (48, 'MU19-22', 'MU19-22_aggregate', 179, 608250.00, 7.300, 8.300, 0.620, 0.700, 7.450, 8.300, 1.440, 0.100, NULL, NULL, 0.0440, 0.0440, 0.8310, 0.8410, 0.000, 70.370, 15, 'digital', 'Unknown', 'manual', 'Unknown', '100', 'M_McMillan', 'University of Melbourne', NULL, NULL, '5.5', NULL, NULL, NULL, NULL, NULL, 'N/A (LA-ICP-MS)', '2025-11-16 04:00:44.689706');
INSERT INTO public.ft_counts VALUES (49, 'MU19-23', 'MU19-23_aggregate', 1343, 1442250.00, 19.050, 7.400, 0.730, 1.800, 19.230, 7.600, 1.260, 0.100, NULL, NULL, 0.0590, -0.0030, 0.7980, 0.8510, 0.090, 15.350, 33, 'digital', 'Unknown', 'manual', 'Unknown', '100', 'M_McMillan', 'University of Melbourne', NULL, NULL, '5.5', NULL, NULL, NULL, NULL, NULL, 'N/A (LA-ICP-MS)', '2025-11-16 04:00:44.689706');
INSERT INTO public.ft_counts VALUES (50, 'MU19-24', 'MU19-24_aggregate', 327, 207170.00, 5.390, 1.900, 0.380, 0.300, 5.480, 2.000, 1.510, 0.100, NULL, NULL, 0.2930, 0.1370, 0.8150, 0.8370, 17.970, 17.060, 33, 'digital', 'Unknown', 'manual', 'Unknown', '100', 'M_McMillan', 'University of Melbourne', NULL, NULL, '5.5', NULL, NULL, NULL, NULL, NULL, 'N/A (LA-ICP-MS)', '2025-11-16 04:00:44.689706');
INSERT INTO public.ft_counts VALUES (51, 'MU19-25', 'MU19-25_aggregate', 695, 416810.00, 6.670, 2.600, 0.240, 0.300, 6.730, 2.700, 1.320, 0.100, NULL, NULL, 0.0460, 0.0650, 0.8250, 0.8470, 18.860, 9.720, 33, 'digital', 'Unknown', 'manual', 'Unknown', '100', 'M_McMillan', 'University of Melbourne', NULL, NULL, '5.5', NULL, NULL, NULL, NULL, NULL, 'N/A (LA-ICP-MS)', '2025-11-16 04:00:44.689706');
INSERT INTO public.ft_counts VALUES (52, 'MU19-26', 'MU19-26_aggregate', 2450, 2794870.00, 26.390, 22.400, 3.740, 6.200, 27.310, 23.800, 1.340, 0.100, NULL, NULL, 0.0350, 0.0230, 0.8300, 0.8460, 0.000, 15.770, 32, 'digital', 'Unknown', 'manual', 'Unknown', '100', 'M_McMillan', 'University of Melbourne', NULL, NULL, '5.5', NULL, NULL, NULL, NULL, NULL, 'N/A (LA-ICP-MS)', '2025-11-16 04:00:44.689706');
INSERT INTO public.ft_counts VALUES (53, 'MU19-28', 'MU19-28_aggregate', 383, 851660.00, 12.560, 4.500, 0.040, 0.100, 12.570, 4.500, 1.500, 0.200, NULL, NULL, 0.0140, -0.0010, 0.8310, 0.8380, 12.390, 15.200, 24, 'digital', 'Unknown', 'manual', 'Unknown', '100', 'M_McMillan', 'University of Melbourne', NULL, NULL, '5.5', NULL, NULL, NULL, NULL, NULL, 'N/A (LA-ICP-MS)', '2025-11-16 04:00:44.689706');
INSERT INTO public.ft_counts VALUES (54, 'MU19-29', 'MU19-29_aggregate', 186, 1006310.00, 10.870, 3.600, 1.230, 2.500, 11.170, 3.500, 1.340, 0.100, NULL, NULL, 0.0260, -0.0030, 0.8300, 0.8460, 74.370, 0.000, 20, 'digital', 'Unknown', 'manual', 'Unknown', '100', 'M_McMillan', 'University of Melbourne', NULL, NULL, '5.5', NULL, NULL, NULL, NULL, NULL, 'N/A (LA-ICP-MS)', '2025-11-16 04:00:44.689706');
INSERT INTO public.ft_counts VALUES (55, 'MU19-30', 'MU19-30_aggregate', 303, 423400.00, 13.330, 6.200, 2.190, 2.000, 13.870, 6.600, 1.240, 0.100, NULL, NULL, 0.0430, -0.0010, 0.8290, 0.8520, 91.160, 0.000, 30, 'digital', 'Unknown', 'manual', 'Unknown', '100', 'M_McMillan', 'University of Melbourne', NULL, NULL, '5.5', NULL, NULL, NULL, NULL, NULL, 'N/A (LA-ICP-MS)', '2025-11-16 04:00:44.689706');
INSERT INTO public.ft_counts VALUES (56, 'MU19-33', 'MU19-33_aggregate', 775, 1130700.00, 14.160, 12.600, 12.420, 44.900, 17.200, 18.300, 1.230, 0.100, NULL, NULL, 0.0630, 0.0030, 0.8280, 0.8520, 0.100, 20.650, 32, 'digital', 'Unknown', 'manual', 'Unknown', '100', 'M_McMillan', 'University of Melbourne', NULL, NULL, '5.5', NULL, NULL, NULL, NULL, NULL, 'N/A (LA-ICP-MS)', '2025-11-16 04:00:44.689706');
INSERT INTO public.ft_counts VALUES (57, 'MU19-34', 'MU19-34_aggregate', 1001, 1184370.00, 10.100, 6.500, 0.740, 1.200, 10.280, 6.700, 1.460, 0.100, NULL, NULL, 0.0470, 0.0070, 0.3000, 0.8400, 0.000, 20.550, 26, 'digital', 'Unknown', 'manual', 'Unknown', '100', 'M_McMillan', 'University of Melbourne', NULL, NULL, '5.5', NULL, NULL, NULL, NULL, NULL, 'N/A (LA-ICP-MS)', '2025-11-16 04:00:44.689706');
INSERT INTO public.ft_counts VALUES (58, 'MU19-36', 'MU19-36_aggregate', 1029, 1131640.00, 12.240, 8.600, 0.800, 0.800, 12.440, 8.700, 1.380, 0.100, NULL, NULL, 0.3070, 0.7390, 0.7890, 0.8440, 0.000, 25.010, 32, 'digital', 'Unknown', 'manual', 'Unknown', '100', 'M_McMillan', 'University of Melbourne', NULL, NULL, '5.5', NULL, NULL, NULL, NULL, NULL, 'N/A (LA-ICP-MS)', '2025-11-16 04:00:44.689706');
INSERT INTO public.ft_counts VALUES (59, 'MU19-37', 'MU19-37_aggregate', 1929, 1873240.00, 16.190, 8.900, 0.660, 0.900, 16.350, 9.100, 1.670, 0.100, NULL, NULL, NULL, NULL, 0.8250, 0.8280, 0.000, 25.470, 31, 'digital', 'Unknown', 'manual', 'Unknown', '100', 'M_McMillan', 'University of Melbourne', NULL, NULL, '5.5', NULL, NULL, NULL, NULL, NULL, 'N/A (LA-ICP-MS)', '2025-11-16 04:00:44.689706');
INSERT INTO public.ft_counts VALUES (60, 'MU19-39', 'MU19-39_aggregate', 1215, 886390.00, 16.760, 7.900, 0.930, 0.600, 16.990, 8.000, 1.660, 0.100, NULL, NULL, 0.3700, 0.1620, 0.8250, 0.8290, 0.000, 28.160, 32, 'digital', 'Unknown', 'manual', 'Unknown', '100', 'M_McMillan', 'University of Melbourne', NULL, NULL, '5.5', NULL, NULL, NULL, NULL, NULL, 'N/A (LA-ICP-MS)', '2025-11-16 04:00:44.689706');
INSERT INTO public.ft_counts VALUES (61, 'MU19-47', 'MU19-47_aggregate', 418, 458520.00, 5.850, 3.900, 0.210, 0.300, 5.900, 3.900, 2.090, 0.200, NULL, NULL, 0.0680, 0.0230, 0.8080, 0.8020, 7.630, 8.370, 33, 'digital', 'Unknown', 'manual', 'Unknown', '100', 'M_McMillan', 'University of Melbourne', NULL, NULL, '5.5', NULL, NULL, NULL, NULL, NULL, 'N/A (LA-ICP-MS)', '2025-11-16 04:00:44.689706');
INSERT INTO public.ft_counts VALUES (62, 'MU19-48', 'MU19-48_aggregate', 629, 1944140.00, 14.600, 7.400, 1.100, 2.300, 14.860, 7.200, 1.550, 0.100, NULL, NULL, 0.0470, 0.0200, 0.8220, 0.8350, 0.590, 16.630, 13, 'digital', 'Unknown', 'manual', 'Unknown', '100', 'M_McMillan', 'University of Melbourne', NULL, NULL, '5.5', NULL, NULL, NULL, NULL, NULL, 'N/A (LA-ICP-MS)', '2025-11-16 04:00:44.689706');
INSERT INTO public.ft_counts VALUES (63, 'MU19-49', 'MU19-49_aggregate', 239, 1798090.00, 7.420, 4.700, 0.430, 1.000, 7.520, 4.700, 1.570, 0.200, NULL, NULL, 0.0800, 0.0360, 0.8030, 0.8330, 0.000, 47.400, 24, 'digital', 'Unknown', 'manual', 'Unknown', '100', 'M_McMillan', 'University of Melbourne', NULL, NULL, '5.5', NULL, NULL, NULL, NULL, NULL, 'N/A (LA-ICP-MS)', '2025-11-16 04:00:44.689706');
INSERT INTO public.ft_counts VALUES (64, 'MU19-50', 'MU19-50_aggregate', 250, 112610.00, 13.320, 5.700, 0.570, 0.400, 13.460, 5.800, 1.380, 0.100, NULL, NULL, 0.1470, 0.1180, NULL, NULL, 59.640, 0.000, 33, 'digital', 'Unknown', 'manual', 'Unknown', '100', 'M_McMillan', 'University of Melbourne', NULL, NULL, '5.5', NULL, NULL, NULL, NULL, NULL, 'N/A (LA-ICP-MS)', '2025-11-16 04:00:44.689706');
INSERT INTO public.ft_counts VALUES (65, 'MU19-51', 'MU19-51_aggregate', 349, 160680.00, 16.100, 22.400, 19.270, 44.300, 16.380, 22.400, 1.280, 0.200, NULL, NULL, 0.0890, NULL, NULL, NULL, 0.510, 27.430, 33, 'digital', 'Unknown', 'manual', 'Unknown', '100', 'M_McMillan', 'University of Melbourne', NULL, NULL, '5.5', NULL, NULL, NULL, NULL, NULL, 'N/A (LA-ICP-MS)', '2025-11-16 04:00:44.689706');
INSERT INTO public.ft_counts VALUES (66, 'MU19-52', 'MU19-52_aggregate', 332, 1160530.00, 14.680, 17.200, 3.620, 9.100, 19.400, 22.300, 1.810, 0.400, NULL, NULL, NULL, NULL, NULL, NULL, 0.000, 46.360, 21, 'digital', 'Unknown', 'manual', 'Unknown', '100', 'M_McMillan', 'University of Melbourne', NULL, NULL, '5.5', NULL, NULL, NULL, NULL, NULL, 'N/A (LA-ICP-MS)', '2025-11-16 04:00:44.689706');
INSERT INTO public.ft_counts VALUES (67, 'MU19-53', 'MU19-53_aggregate', 277, 910400.00, 9.850, 13.300, 0.420, 0.900, 10.740, 13.500, 1.550, 0.200, NULL, NULL, NULL, NULL, NULL, NULL, 0.000, 63.230, 24, 'digital', 'Unknown', 'manual', 'Unknown', '100', 'M_McMillan', 'University of Melbourne', NULL, NULL, '5.5', NULL, NULL, NULL, NULL, NULL, 'N/A (LA-ICP-MS)', '2025-11-16 04:00:44.689706');
INSERT INTO public.ft_counts VALUES (68, 'MU19-54', 'MU19-54_aggregate', 93, 1972260.00, 4.940, 2.400, NULL, NULL, 5.050, 2.500, 1.340, 0.200, NULL, NULL, NULL, NULL, NULL, NULL, 30.590, 0.000, 36, 'digital', 'Unknown', 'manual', 'Unknown', '100', 'M_McMillan', 'University of Melbourne', NULL, NULL, '5.5', NULL, NULL, NULL, NULL, NULL, 'N/A (LA-ICP-MS)', '2025-11-16 04:00:44.689706');


--
-- Data for Name: ft_track_lengths; Type: TABLE DATA; Schema: public; Owner: -
--

INSERT INTO public.ft_track_lengths VALUES (1, 'MU19-05', 'MU19-05_aggregate', 108, 11.190, 0.200, 1.990, 1.600, 0.400, NULL, NULL, NULL, NULL, NULL, NULL, NULL, NULL, NULL, NULL, NULL, NULL, NULL, 'M_McMillan', 'University of Melbourne', NULL, NULL, '5.5', false, '2025-11-16 04:00:44.689706');
INSERT INTO public.ft_track_lengths VALUES (2, 'MU19-06', 'MU19-06_aggregate', 122, 10.620, 0.200, 2.390, 1.410, 0.200, NULL, NULL, NULL, NULL, NULL, NULL, NULL, NULL, NULL, NULL, NULL, NULL, NULL, 'M_McMillan', 'University of Melbourne', NULL, NULL, '5.5', false, '2025-11-16 04:00:44.689706');
INSERT INTO public.ft_track_lengths VALUES (3, 'MU19-08', 'MU19-08_aggregate', 125, 11.300, 0.200, 1.850, 1.630, 0.200, NULL, NULL, NULL, NULL, NULL, NULL, NULL, NULL, NULL, NULL, NULL, NULL, NULL, 'M_McMillan', 'University of Melbourne', NULL, NULL, '5.5', false, '2025-11-16 04:00:44.689706');
INSERT INTO public.ft_track_lengths VALUES (4, 'MU19-09', 'MU19-09_aggregate', 109, 10.790, 0.200, 1.820, 1.520, 0.200, NULL, NULL, NULL, NULL, NULL, NULL, NULL, NULL, NULL, NULL, NULL, NULL, NULL, 'M_McMillan', 'University of Melbourne', NULL, NULL, '5.5', false, '2025-11-16 04:00:44.689706');
INSERT INTO public.ft_track_lengths VALUES (5, 'MU19-11', 'MU19-11_aggregate', 108, 11.200, 0.200, 1.890, 1.370, 0.100, NULL, NULL, NULL, NULL, NULL, NULL, NULL, NULL, NULL, NULL, NULL, NULL, NULL, 'M_McMillan', 'University of Melbourne', NULL, NULL, '5.5', false, '2025-11-16 04:00:44.689706');
INSERT INTO public.ft_track_lengths VALUES (6, 'MU19-12', 'MU19-12_aggregate', 104, 11.150, 0.200, 1.970, 2.270, 0.300, NULL, NULL, NULL, NULL, NULL, NULL, NULL, NULL, NULL, NULL, NULL, NULL, NULL, 'M_McMillan', 'University of Melbourne', NULL, NULL, '5.5', false, '2025-11-16 04:00:44.689706');
INSERT INTO public.ft_track_lengths VALUES (7, 'MU19-13', 'MU19-13_aggregate', 102, 10.960, 0.200, 2.020, 1.860, 0.200, NULL, NULL, NULL, NULL, NULL, NULL, NULL, NULL, NULL, NULL, NULL, NULL, NULL, 'M_McMillan', 'University of Melbourne', NULL, NULL, '5.5', false, '2025-11-16 04:00:44.689706');
INSERT INTO public.ft_track_lengths VALUES (8, 'MU19-14', 'MU19-14_aggregate', 106, 10.600, 0.200, 1.690, 1.400, 0.100, NULL, NULL, NULL, NULL, NULL, NULL, NULL, NULL, NULL, NULL, NULL, NULL, NULL, 'M_McMillan', 'University of Melbourne', NULL, NULL, '5.5', false, '2025-11-16 04:00:44.689706');
INSERT INTO public.ft_track_lengths VALUES (9, 'MU19-15', 'MU19-15_aggregate', 117, 11.250, 0.100, 1.370, 1.370, 0.100, NULL, NULL, NULL, NULL, NULL, NULL, NULL, NULL, NULL, NULL, NULL, NULL, NULL, 'M_McMillan', 'University of Melbourne', NULL, NULL, '5.5', false, '2025-11-16 04:00:44.689706');
INSERT INTO public.ft_track_lengths VALUES (10, 'MU19-16', 'MU19-16_aggregate', 112, 10.920, 0.200, 1.680, 1.310, 0.100, NULL, NULL, NULL, NULL, NULL, NULL, NULL, NULL, NULL, NULL, NULL, NULL, NULL, 'M_McMillan', 'University of Melbourne', NULL, NULL, '5.5', false, '2025-11-16 04:00:44.689706');
INSERT INTO public.ft_track_lengths VALUES (11, 'MU19-17', 'MU19-17_aggregate', 103, 10.870, 0.200, 1.710, 1.390, 0.100, NULL, NULL, NULL, NULL, NULL, NULL, NULL, NULL, NULL, NULL, NULL, NULL, NULL, 'M_McMillan', 'University of Melbourne', NULL, NULL, '5.5', false, '2025-11-16 04:00:44.689706');
INSERT INTO public.ft_track_lengths VALUES (12, 'MU19-18', 'MU19-18_aggregate', 101, 11.280, 0.100, 1.230, 1.310, 0.100, NULL, NULL, NULL, NULL, NULL, NULL, NULL, NULL, NULL, NULL, NULL, NULL, NULL, 'M_McMillan', 'University of Melbourne', NULL, NULL, '5.5', false, '2025-11-16 04:00:44.689706');
INSERT INTO public.ft_track_lengths VALUES (13, 'MU19-20', 'MU19-20_aggregate', 104, 11.040, 0.100, 1.320, 1.650, 0.100, NULL, NULL, NULL, NULL, NULL, NULL, NULL, NULL, NULL, NULL, NULL, NULL, NULL, 'M_McMillan', 'University of Melbourne', NULL, NULL, '5.5', false, '2025-11-16 04:00:44.689706');
INSERT INTO public.ft_track_lengths VALUES (14, 'MU19-22', 'MU19-22_aggregate', 98, 11.600, 0.200, 1.530, 1.440, 0.100, NULL, NULL, NULL, NULL, NULL, NULL, NULL, NULL, NULL, NULL, NULL, NULL, NULL, 'M_McMillan', 'University of Melbourne', NULL, NULL, '5.5', false, '2025-11-16 04:00:44.689706');
INSERT INTO public.ft_track_lengths VALUES (15, 'MU19-23', 'MU19-23_aggregate', 102, 10.750, 0.200, 2.300, 1.260, 0.100, NULL, NULL, NULL, NULL, NULL, NULL, NULL, NULL, NULL, NULL, NULL, NULL, NULL, 'M_McMillan', 'University of Melbourne', NULL, NULL, '5.5', false, '2025-11-16 04:00:44.689706');
INSERT INTO public.ft_track_lengths VALUES (16, 'MU19-24', 'MU19-24_aggregate', 112, 12.440, 0.200, 1.910, 1.510, 0.100, NULL, NULL, NULL, NULL, NULL, NULL, NULL, NULL, NULL, NULL, NULL, NULL, NULL, 'M_McMillan', 'University of Melbourne', NULL, NULL, '5.5', false, '2025-11-16 04:00:44.689706');
INSERT INTO public.ft_track_lengths VALUES (17, 'MU19-25', 'MU19-25_aggregate', 114, 11.970, 0.200, 1.910, 1.320, 0.100, NULL, NULL, NULL, NULL, NULL, NULL, NULL, NULL, NULL, NULL, NULL, NULL, NULL, 'M_McMillan', 'University of Melbourne', NULL, NULL, '5.5', false, '2025-11-16 04:00:44.689706');
INSERT INTO public.ft_track_lengths VALUES (18, 'MU19-26', 'MU19-26_aggregate', 109, 11.550, 0.200, 2.070, 1.340, 0.100, NULL, NULL, NULL, NULL, NULL, NULL, NULL, NULL, NULL, NULL, NULL, NULL, NULL, 'M_McMillan', 'University of Melbourne', NULL, NULL, '5.5', false, '2025-11-16 04:00:44.689706');
INSERT INTO public.ft_track_lengths VALUES (19, 'MU19-28', 'MU19-28_aggregate', 102, 11.720, 0.200, 2.020, 1.500, 0.200, NULL, NULL, NULL, NULL, NULL, NULL, NULL, NULL, NULL, NULL, NULL, NULL, NULL, 'M_McMillan', 'University of Melbourne', NULL, NULL, '5.5', false, '2025-11-16 04:00:44.689706');
INSERT INTO public.ft_track_lengths VALUES (20, 'MU19-29', 'MU19-29_aggregate', 100, 10.480, 0.200, 2.140, 1.340, 0.100, NULL, NULL, NULL, NULL, NULL, NULL, NULL, NULL, NULL, NULL, NULL, NULL, NULL, 'M_McMillan', 'University of Melbourne', NULL, NULL, '5.5', false, '2025-11-16 04:00:44.689706');
INSERT INTO public.ft_track_lengths VALUES (21, 'MU19-30', 'MU19-30_aggregate', 99, 12.050, 0.200, 2.140, 1.240, 0.100, NULL, NULL, NULL, NULL, NULL, NULL, NULL, NULL, NULL, NULL, NULL, NULL, NULL, 'M_McMillan', 'University of Melbourne', NULL, NULL, '5.5', false, '2025-11-16 04:00:44.689706');
INSERT INTO public.ft_track_lengths VALUES (22, 'MU19-33', 'MU19-33_aggregate', 121, 11.190, 0.200, 1.920, 1.230, 0.100, NULL, NULL, NULL, NULL, NULL, NULL, NULL, NULL, NULL, NULL, NULL, NULL, NULL, 'M_McMillan', 'University of Melbourne', NULL, NULL, '5.5', false, '2025-11-16 04:00:44.689706');
INSERT INTO public.ft_track_lengths VALUES (23, 'MU19-34', 'MU19-34_aggregate', 107, 11.250, 0.200, 1.840, 1.460, 0.100, NULL, NULL, NULL, NULL, NULL, NULL, NULL, NULL, NULL, NULL, NULL, NULL, NULL, 'M_McMillan', 'University of Melbourne', NULL, NULL, '5.5', false, '2025-11-16 04:00:44.689706');
INSERT INTO public.ft_track_lengths VALUES (24, 'MU19-36', 'MU19-36_aggregate', 103, 11.440, 0.200, 1.800, 1.380, 0.100, NULL, NULL, NULL, NULL, NULL, NULL, NULL, NULL, NULL, NULL, NULL, NULL, NULL, 'M_McMillan', 'University of Melbourne', NULL, NULL, '5.5', false, '2025-11-16 04:00:44.689706');
INSERT INTO public.ft_track_lengths VALUES (25, 'MU19-37', 'MU19-37_aggregate', 104, 11.470, 0.200, 1.950, 1.670, 0.100, NULL, NULL, NULL, NULL, NULL, NULL, NULL, NULL, NULL, NULL, NULL, NULL, NULL, 'M_McMillan', 'University of Melbourne', NULL, NULL, '5.5', false, '2025-11-16 04:00:44.689706');
INSERT INTO public.ft_track_lengths VALUES (26, 'MU19-39', 'MU19-39_aggregate', 109, 11.990, 0.200, 1.920, 1.660, 0.100, NULL, NULL, NULL, NULL, NULL, NULL, NULL, NULL, NULL, NULL, NULL, NULL, NULL, 'M_McMillan', 'University of Melbourne', NULL, NULL, '5.5', false, '2025-11-16 04:00:44.689706');
INSERT INTO public.ft_track_lengths VALUES (27, 'MU19-47', 'MU19-47_aggregate', 118, 12.090, 0.200, 2.110, 2.090, 0.200, NULL, NULL, NULL, NULL, NULL, NULL, NULL, NULL, NULL, NULL, NULL, NULL, NULL, 'M_McMillan', 'University of Melbourne', NULL, NULL, '5.5', false, '2025-11-16 04:00:44.689706');
INSERT INTO public.ft_track_lengths VALUES (28, 'MU19-48', 'MU19-48_aggregate', 25, 10.150, 0.400, 2.080, 1.550, 0.100, NULL, NULL, NULL, NULL, NULL, NULL, NULL, NULL, NULL, NULL, NULL, NULL, NULL, 'M_McMillan', 'University of Melbourne', NULL, NULL, '5.5', false, '2025-11-16 04:00:44.689706');
INSERT INTO public.ft_track_lengths VALUES (29, 'MU19-49', 'MU19-49_aggregate', 108, 12.260, 0.200, 1.650, 1.570, 0.200, NULL, NULL, NULL, NULL, NULL, NULL, NULL, NULL, NULL, NULL, NULL, NULL, NULL, 'M_McMillan', 'University of Melbourne', NULL, NULL, '5.5', false, '2025-11-16 04:00:44.689706');
INSERT INTO public.ft_track_lengths VALUES (30, 'MU19-50', 'MU19-50_aggregate', 112, 11.850, 0.200, 1.970, 1.380, 0.100, NULL, NULL, NULL, NULL, NULL, NULL, NULL, NULL, NULL, NULL, NULL, NULL, NULL, 'M_McMillan', 'University of Melbourne', NULL, NULL, '5.5', false, '2025-11-16 04:00:44.689706');
INSERT INTO public.ft_track_lengths VALUES (31, 'MU19-51', 'MU19-51_aggregate', 102, 12.220, 0.200, 2.060, 1.280, 0.200, NULL, NULL, NULL, NULL, NULL, NULL, NULL, NULL, NULL, NULL, NULL, NULL, NULL, 'M_McMillan', 'University of Melbourne', NULL, NULL, '5.5', false, '2025-11-16 04:00:44.689706');
INSERT INTO public.ft_track_lengths VALUES (32, 'MU19-52', 'MU19-52_aggregate', 111, 10.990, 0.200, 1.770, 1.810, 0.400, NULL, NULL, NULL, NULL, NULL, NULL, NULL, NULL, NULL, NULL, NULL, NULL, NULL, 'M_McMillan', 'University of Melbourne', NULL, NULL, '5.5', false, '2025-11-16 04:00:44.689706');
INSERT INTO public.ft_track_lengths VALUES (33, 'MU19-53', 'MU19-53_aggregate', 78, 11.230, 0.200, 1.970, 1.550, 0.200, NULL, NULL, NULL, NULL, NULL, NULL, NULL, NULL, NULL, NULL, NULL, NULL, NULL, 'M_McMillan', 'University of Melbourne', NULL, NULL, '5.5', false, '2025-11-16 04:00:44.689706');
INSERT INTO public.ft_track_lengths VALUES (34, 'MU19-54', 'MU19-54_aggregate', 47, 11.510, 0.300, 2.200, 1.340, 0.200, NULL, NULL, NULL, NULL, NULL, NULL, NULL, NULL, NULL, NULL, NULL, NULL, NULL, 'M_McMillan', 'University of Melbourne', NULL, NULL, '5.5', false, '2025-11-16 04:00:44.689706');


--
-- Name: ahe_grain_data_id_seq; Type: SEQUENCE SET; Schema: public; Owner: -
--

SELECT pg_catalog.setval('public.ahe_grain_data_id_seq', 63, true);


--
-- Name: data_files_id_seq; Type: SEQUENCE SET; Schema: public; Owner: -
--

SELECT pg_catalog.setval('public.data_files_id_seq', 6, true);


--
-- Name: datasets_id_seq; Type: SEQUENCE SET; Schema: public; Owner: -
--

SELECT pg_catalog.setval('public.datasets_id_seq', 1, false);


--
-- Name: ft_ages_id_seq; Type: SEQUENCE SET; Schema: public; Owner: -
--

SELECT pg_catalog.setval('public.ft_ages_id_seq', 34, true);


--
-- Name: ft_counts_id_seq; Type: SEQUENCE SET; Schema: public; Owner: -
--

SELECT pg_catalog.setval('public.ft_counts_id_seq', 68, true);


--
-- Name: ft_track_lengths_id_seq; Type: SEQUENCE SET; Schema: public; Owner: -
--

SELECT pg_catalog.setval('public.ft_track_lengths_id_seq', 34, true);


--
-- PostgreSQL database dump complete
--

